"Fluor Corporation","(281) 263-1000","http://fluor.com"
"Windstream Communications","(281) 490-9485","http://ljaengineering.com"
"LJA Engineering, Inc.","(713) 953-5200","http://AGCM.cc"
"AG|CM Inc.","(361) 443-4572","http://costelloinc.com"
"Costello, Inc.","(713) 783-7788","http://hcss.com"
"HCSS","(713) 270-4000","http://kitprofs.com"
"Schooley Mitchell","(848) 667-1911","http://millisdevelopment.com"
"KIT Professionals, Inc.","(713) 783-8700","http://sundanceconstruction.com"
"Millis Development & Construction, LLC.","(281) 240-6066","http://spencerco.com"
"Houston-Stafford Electric (IES Residential)","(281) 498-2212","http://ricegardner.com"
"Gulf Coast Stabilized Material","(281) 491-7376","http://idcus.com"
"Sundance Construction Company","(281) 277-1000","http://www.eereed.com"
"The Spencer Company","(713) 222-6666","http://afullerelectric.com"
"Rice & Gardner Consultants, Inc.","(713) 482-2300","http://taylorwoodrowhomes.com"
"IDCUS Inc.","(713) 541-5591","http://houstonlandscapes.com"
"Velociti Services","(832) 457-2983","http://mathisgroup.com"
"Glass Doctor Home + Business of Greater South Houston","(346) 576-7626","http://jamailconstruction.com"
"Arcosa Stabilized & Recycling","(713) 987-0000",""
"Petrabytes Corp","(281) 962-0332",""
"iFloors TX","(346) 423-3036",""
"Axxiom Manufacturing, Inc.","(281) 431-0581",""
"E.E. Reed Construction, LP","(281) 933-4000",""
"Harvest Green","(832) 945-3691",""
"McFeniel Services","(281) 224-3523",""
"CBRE | HEERY","(281) 493-4140",""
"Consor Engineers, LLC","(281) 558-6892",""
"Durotech, Inc.","(281) 499-5333",""
"A. Fuller Electric,Inc.","(713) 493-2500",""
"E Contractors","(832) 904-6496",""
"Avant Custom Homes","(913) 850-0572",""
"Tetralto","(281) 900-9083",""
"Kitchen Tune-Up Houston Sugar Land","(979) 732-5731",""
"Drymalla Construction Company, Inc.","(346) 391-5432",""
"Bay Matrix Group","(832) 939-9838",""
"Imperial Outdoor Power Equipment","(281) 344-9882",""
"Toll-GTIS Property Owner, LLC","(281) 598-3000",""
"Taylor Morrison","(713) 316-1700",""
"Rexel Electric Supply","(281) 568-7500",""
"Houston Landscapes Unlimited","(281) 265-6028",""
"The Mathis Group, Inc.","(832) 205-9068",""
"AmeriTex Pipe & Products","(281) 597-9300",""
"Kimley-Horn","(713) 614-7400",""
"Probuilt Builders","(409) 338-0446",""
"Jordan Ranch","(281) 201-8348",""
"DWG CPA PLLC","(713) 692-5406",""
"Coopwood's Air Conditioning, Inc.","(281) 461-7075",""
"Jamail & Smith Construction, LP","(281) 498-1973",""
"Action Landscaping Inc.","(832) 489-5136",""