"PrimeWay Federal Credit Union","(713) 799-6200","http://primewayfcu.com"
"ChampionX","(281) 632-6500","https://www.championx.com/"
"Amerant Bank","(832) 944-5321","http://www.bvscu.org"
"Brazos Valley Schools Credit Union - Sugar Land","(281) 693-8906","http://TDECU.org"
"TDECU","(281) 201-7112","http://insuranceagentmissouricity.com/"
"Goosehead Insurance","(281) 643-0996x2","http://frostbank.com"
"Frost Bank","(713) 388-1477","http://www.bvscu.org"
"Brazos Valley Schools Credit Union - Missouri City","(281) 391-2149","http://bvscu.org"
"Jason Deitz State Farm","(832) 532-3313","http://smartcu.org"
"Brazos Valley Schools Credit Union - Rosenberg","(281) 391-2149","http://bvscu.org"
"Smart Financial Credit Union","(713) 850-1600","http://www.bkd.com"
"Brazos Valley Schools Credit Union - Rosenberg (First St.)","(281) 391-2149","http://houstonfcu.org"
"BKD, LLP","(713) 499-4600","http://prosperitybanktx.com"
"Houston Federal Credit Union / Sugar Land","(281) 243-0500","http://www.kenwoodpc.com"
"Prosperity Bank","(281) 269-7200","http://pbfcm.com"
"KenWood & Associates, PC","(281) 243-2300","http://mcwess-insurance.com"
"Perdue, Brandon, Fielder, Collins & Mott, LLP","(713) 862-1860","http://memorialcu.org"
"McDonald & Wessendorff Insurance","(281) 342-2857","http://communitybankoftexas.com"
"Jeremy Adams State Farm","(281) 494-0533","http://bankoffortbend.com"
"Stellar Bank - Stafford","(713) 499-1366","http://www.bailesbatescpas.com"
"Memorial Credit Union","(713) 778-6300","http://www.cindycpa.com"
"CommunityBank of Texas","(281) 325-5000","http://tdecu.org"
"Home Bank","(281) 276-1800","http://amegybank.com"
"Seth & Alexander Advisors, LLC","(281) 660-7384","http://emcmc.com"
"Ham Langston & Brezina LLP","(281) 481-1040","http://spartanwm.com"
"Oakdale Insurance Group, LLC","(713) 779-0445","http://www.richardstegall.com"
"Bailes Bates & Associates, LLP","(281) 565-6400","http://edwardjones.com"
"Mufarreh CPA, LLC | Fractional CFO & Advisory","(832) 886-4129","https://wjwealth.com/"
"The First State Bank of Louise - Sugar Land","(713) 515-1246","http://moneymanagement.org"
"Texas Mutual Insurance Company","(713) 316-2241","http://allegiancebank.com"
"James G. McClellan, CPA","(832) 722-0335","http://agentwalker.com"
"DWG CPA PLLC","(281) 201-8348","http://tdecu.org"
"Cindy Shelton, CPA, PLLC","(281) 313-2300","http://dearborncreggs.com"
"TDECU - Missouri City","(800) 839-1154","http://fortbendfinancial.com"
"Brindley, Mary Gayle","(713) 232-2957","https://bearkatbookkeeping.com"
"Brazos Valley Schools Credit Union","(281) 391-2149","http://johnbowersclu.com"
"Elite Professional Services","(832) 983-2632","http://firstcontdental.com"
"PHP Agency","(909) 489-0925","http://www.hbwhatley.com"
"Colonial Life","(830) 999-9007","http://houstoncommunitybank.com"
"Eyring, Leavitt and Draney, PLLC","(281) 201-2877","http://jdins.com"
"Early McClintic & McMillan, LLP","(281) 491-5260","https://www.whitleypenn.com/"
"Clarkson & Associates, LLC","(832) 521-4583","http://sugarlandinsuranceagent.com"
"EFG Insurance Agency, Inc.","(281) 405-8866","http://wall2wallinsurance.com"
"Spartan Wealth Management LLC","(281) 494-1600","http://hilliardandassociates.com"
"Bank of America New Territory","(800) 432-1000","http://hoffmanig.com"
"Umair AK CPA LLC (UAK CPA)","(713) 560-9886","http://www.cysanders.com"
"First Service Credit Union","(713) 676-7777","http://frostbank.com"
"Kershaw Khumbatta PLLC","(281) 313-8006","http://kingspath.com"
"Halo Capital Investments","(832) 242-4999","http://frostbank.com"
"Blue Cross Blue Shield of Texas","(713) 354-7036","http://pmbhd.com"
"Wirick Asset Management LLC","(713) 501-5985","http://futurityfirst.com/opportunity/houston"
"US Bank","(832) 723-6940","http://bancorpsouth.com/"
"SunFlower Bank","(281) 275-5111","http://www.michaelrosecpa.com"
"John M. Thomas, PC","(713) 779-6800",""
"State Farm Insurance - Richard Stegall","(281) 491-1111",""
"Edward Jones - Ever Ramirez AAMS, CRPC","(281) 980-0297",""
"Anthony Hernandez Allstate","(832) 667-6377",""
"Regions Bank- Aliana","(346) 843-8070",""
"Lone Star Property Tax, LLC","(833) 577-8291",""
"Regions Bank - Brazos Town Center","(346) 834-8320",""
"Reliable Choice Insurance Services","(713) 955-0888",""
"Plains State Bank","(281) 964-6878",""
"The Perazim Group, LLC","(832) 633-9424",""
"WJ Interests, LLC","(281) 634-9400",""
"Helmut Riedinger, CPA PLLC","(832) 334-9612",""
"Gordon Richardson and Associates","(713) 821-1700",""
"The Village at Sugar Land, LLC","(281) 729-8800",""
"Money Management International","(713) 394-3400",""
"Galene Financial","(713) 489-4322",""
"Kevin Patton State Farm","(281) 342-2460",""
"Stellar Bank - Sugar Land","(281) 517-8725",""
"State Farm Insurance - Tracy Walker","(281) 265-0711",""
"TDECU Wealth Advisors","(877) 635-7028",""
"Dearborn & Creggs","(281) 277-6400",""
"Fort Bend Financial","(281) 277-0012",""
"Smart Choice Insurance","(800) 326-4112",""
"Regions Bank - Sugar Land","(346) 309-3260",""
"BearKat BookKeeping","(281) 937-9991",""
"Unity National Bank","(281) 835-2405",""
"American Property Tax Service, Inc.","(281) 240-0101",""
"Pax Equity","(713) 300-0491",""
"State Farm Insurance - John Bowers Jr CLU, ChFC, LUTCF","(281) 242-4800",""
"Tamara L. Mihail CPA, LLC","(281) 406-8984",""
"TransGlobal Payment Systems","(713) 243-0000",""
"First Continental Life Dental","(281) 313-7170",""
"The Fitzpatrick Group","(832) 362-0231",""
"H. Bradley Whatley, PC","(281) 494-8200",""
"Independent Bank - Sugar Land","(281) 343-7700",""
"1st Franklin Financial","(281) 845-9011",""
"New York Life Agent","(972) 841-9641",""
"Fogarty Wealth Management, Inc.","(281) 403-1818",""
"New Boost TL Solutions","(281) 928-9644",""
"Daugherty Insurance Agency","(281) 240-7722",""
"Clutch City Insurance","(832) 767-2455",""
"Robert W. Lawrence CPA PLLC","(281) 980-3050",""
"Whitley Penn, LLP","(713) 621-1515",""
"Regions Bank - Lake Colony","(832) 899-3100",""
"Assurance One of Texas, LLC","(281) 494-6400",""
"The Davis-Francis Agency (Allstate Insurance Company)","(281) 491-2508",""
"Cadence Insurance","(281) 313-9255",""
"Owais Developments","(832) 489-5136",""
"Fredrick G. Turner, Jr., CPA, LLC","(832) 329-2358",""
"Hilliard & Associates, PC","(281) 242-2997",""
"RLD Bookkeeping and Tax","(832) 451-5266",""
"Farmers Insurance - Cardenas agency","(832) 602-2246",""
"Wellby Financial","(281) 488-7070",""
"Gulledge Insurance Agency","(281) 207-0771",""
"Mobility City","(832) 539-6881",""
"Hoffman Insurance Group","(281) 491-6565",""
"Sanders & Yan, PC Certified Public Accountants","(281) 491-9100",""
"Frost Bank - Stafford","(713) 388-7885",""
"Kings Path Partners LLC","(832) 500-3101",""
"Frost Bank - Missouri City","(713) 388-1022",""
"Regions Bank - Sienna Plantation","(832) 899-3040",""
"Sapenter Insurance Services/ Geico","(346) 375-6140",""
"Stellar Ledgers, LLC","(281) 829-8059",""
"Advancial Federal Credit Union","(281) 679-1133",""
"Cherry BeKaert, LLP CPAs","(832) 301-3000",""
"Tallas Insurance and Financial Services","(713) 271-2000",""
"Futurity First Advisors","(281) 619-8140",""
"JP Morgan Wealth Management","(713) 216-5148",""
"Cadence Insurance","(281) 517-2490",""
"Michael Rose, CPA, P.C.","(281) 403-0730",""
"Maverick Benefit Advisors","(832) 236-8966",""
"Nizari Progressive Federal Credit Union","(281) 921-8500",""
"Meghani Insurance Group","(281) 528-4135",""
"Golden Bank","(281) 491-3838",""
"Your Part Time Controller, LLC.","(713) 351-5295",""
"Regions Bank - Lake Riverstone","(346) 279-2050",""