"MD Anderson Cancer Center","(281) 566-1800","http://mdanderson.org/locations/sugar-land"
"Sugar Lakes Family Practice - Vanderzyl","(281) 565-2800","http://sugarlakesfamilypractice.com"
"Memorial Hermann Sugar Land Hospital","(281) 725-5000","http://memorialhermann.org/locations/sugar-land/"
"Houston Methodist Sugar Land Hospital","(281) 274-7000","http://HoustonMethodist.org/SugarLand"
"Kelsey-Seybold Clinic - Sugar Land","(713) 442-9100","http://kelsey-seybold.com"
"Kindred Hospital Sugar Land","(281) 275-6000","http://triumph-healthcare.com"
"Cartera Health","(833) 735-2273","http://www.heb.com"
"Community Health Choice","(713) 295-2222","http://www.parkmanor-quailvalley.com"
"CHI St. Luke's Health - Sugar Land Hospital","(281) 637-7000","http://texasoncology.com/sugar-land.aspx"
"HEB - Sugar Land","(281) 494-3690","http://oakbendmedcenter.org"
"Park Manor of Quail Valley","(281) 499-9333","http://qdiinc.com"
"Schooley Mitchell","(848) 667-1911","http://gchealthservices.com"
"Texas Oncology, PA","(281) 277-5200","http://memorialhermannfirstcolony.com/"
"OakBend Medical Center","(281) 341-3000","http://ftbenddental.com"
"Quality Dialysis One, LP","(281) 491-4009","http://veinlite.com"
"GC Health Services, Inc","(713) 776-3309","http://nextlevelurgentcare.com"
"PerryLee Home Health Care Services, Inc.","(281) 969-8846","http://inter-activehc.com"
"Memorial Hermann Surgical Hospital at First Colony","(281) 243-1000","http://ERcare24.com"
"Fort Bend Dental Associates","(281) 499-3541","http://himalayausa.com"
"Translite LLC","(281) 240-3111","http://medical-insights.com"
"Next Level Urgent Care","(281) 783-8162","http://encompasshealth.com/sugarlandrehab"
"Inter-Active Health Care, Inc.","(281) 892-2000","http://stlukessugarlanddoctorgroup.com"
"Signature Care: Emergency Center","(281) 258-4351","http://fullcirclechirowell.com"
"Himalaya Herbal Healthcare","(713) 863-1622","http://.geeeyecare.com"
"Medical Insights & Care Unlimited, LP","(713) 774-6428","http://medinetclinic.com"
"Amerejuve MedSpa - Katy","(713) 496-0782","http://stxmc.com"
"Encompass Health Rehabilitation Hospital of Sugar Land","(281) 276-7574","http://sugarlakesfamilypractice.com"
"Riceland Urgent Care & Clinic","(713) 366-4340","http://sugarlakesfamilypractice.com"
"VIP Physical Therapy","(281) 742-0992","http://MaximizedLivingDrAnderson.com"
"E Contractors","(713) 493-2500","http://myaccesshealth.org"
"Kelsey-Seybold Clinic - Stafford","(713) 442-8000","http://hoganchiropractic.com"
"St. Luke's Medical Group - Sugar Land","(281) 637-7680","http://fortbendmohs.com"
"Fyzical Therapy & Balance Centers-Riverstone","(281) 385-9919","http://sugarlandvets.com"
"Speech Solutions 4 All, LLC","(832) 717-1550","http://sugarmillchiro.com"
"Texas Pediatric & Adolescent Gynecology","(281) 803-8724","http://sterlingtherapy.com"
"Aurum Wellness","(713) 814-3640","http://www.2020eyeclinic.com"
"Finesse Concierge Nurse","(346) 233-1030","http://manneye.com"
"Beam Orthodontics of Sugar Land","(281) 313-8890","http://reiningstrength.org"
"The Chemist Pharmacy","(281) 969-7346","http://txsnc.com"
"Prime IV Hydration & Wellness Sugar Land","(832) 415-3691","http://memorialhermann.org"
"Full Circle Chiropractic and Wellness Center","832-987-1715","http://sugarlakesfamilypractice.com"
"Capital Medical Associates / Capital Internal Medicine Associates","(832) 886-4774",""
"Gee Eye Care","(281) 778-9912",""
"Repower Infusion","(281) 265-0100",""
"Mobility City","(832) 539-6881",""
"First Colony Aquatic & Rehabilitation Center","(281) 325-0188",""
"Acuteness Training, LLC","(832) 659-5733",""
"Dr. Melissa Crosby Plastic Surgery","(832) 939-8500",""
"Harvest Grove Orthodontics","(281) 942-0122",""
"Medinet Family Care Clinic","281-564-3300",""
"V/O Med Spa Sugar Land","(832) 247-7361",""
"The Airway Dentists - Sugar Land","(281) 207-0790",""
"Memorial Hermann Medical Group, Rosenberg","(281) 342-6006",""
"Restech","(800) 352-1512",""
"The Village at Sugar Land, LLC","(281) 729-8800",""
"Signature Care: Emergency Center","(281) 860-2129",""
"Garrett-Boyd, DDS, MS, Inc.","(281) 980-3900",""
"Sugar Lakes Family Practice - Pozzi","(281) 565-2800",""
"Houston Humane Society","(713) 433-6421",""
"Sugar Lakes Family Practice - Ponce de Leon","(281) 565-2800",""
"Life Essentials Chiropractic","(281) 969-8059",""
"Stuart Rimes DDS","(281) 313-1565",""
"Fort Bend Hearing","(281) 277-7272",""
"Home Health Pro","(833) 633-2233",""
"PCCA","(800) 331-2498",""
"Inspired Behavioral Health, Inc.","(281) 725-7145",""
"Renaissance Physician Organization - Southwest IPA","(832) 553-3576",""
"AccessHealth","(281) 633-3169",""
"Sweetwater Dermatology, PLLC","(832) 615-3201",""
"Hogan Spine & Rehabilitation Center","(281) 240-2225",""
"Legacy Community Health","(832) 548-5000",""
"Fort Bend Skin Cancer Center","(281) 980-6647",""
"Turning Point Psychiatry","(832) 429-7307",""
"Animal Hospital Highway 6","(281) 980-8387",""
"Pam Health Rehabilitation Hospital of Sugar Land","(281) 917-7219",""
"Bayou Hospice, LLC","(713) 234-7381",""
"Maverick Benefit Advisors","(832) 236-8966",""
"Rodeo Dental & Orthodontics","(346) 767-0301",""
"Sugar Mill Chiropractic and Acupuncture","(281) 494-1690",""
"Hwy 6 Family Dentistry","(281) 889-6666",""
"Sterling Physical Therapy & Wellness - Sugar Land","(281) 240-3140",""
"ASK Legacy LLC dba CBD American Shaman - Stafford","(281) 969-8188",""
"Kelsey-Seybold Clinic - Missouri City","(713) 442-6700",""
"Baylor St. Luke's Medical Group","(281) 637-7380",""
"Aliana Family Dental","(281) 325-0024",""
"AFC Urgent Care Sugar Land","(832) 453-1343",""
"N&P HealthOne","(281) 208-7229",""
"Soma Labs, LLC","(225) 572-4971",""
"Vera Whole Health","(281) 277-6100",""
"20/20 Eye Clinic & Optical","(713) 580-2582",""
"Mann Eye Institute","(281) 935-2560",""
"Brilliance MedSpa & Wellness","(832) 451-6874",""
"Reining Strength Therapeutic Horsemanship","(281) 494-2477",""
"Sugar Land Periodontics & Implant Dentistry","(281) 933-2902",""
"Chemik Healthcare Services Inc.","(281) 730-8841",""
"White Orchid Hospice - Corpus Christi","(346) 350-5419",""
"Genesis Medical Diagnostics","(713) 581-8160",""
"Right at Home Sugar Land & West Houston","(281) 665-4444",""
"Advanced Dermatology","(979) 704-6547",""
"Traditions Health","(346) 230-3961",""
"Visionworks - Richmond","(346) 350-5463",""
"Hoover Oaks Memory Care & Assisted Living","(713) 471-4500",""
"Pediatric Sleep Specialists","(346) 360-8423",""
"LMB Wellness Services, PLLC","(281) 240-3140",""
"Sterling Physical Therapy & Wellness - Stafford","(281) 720-8134",""
"Dentists of Riverstone","(361) 605-0100",""
"White Orchid Hospice - Sugar Land","(713) 240-3385",""
"Voyages of Sugar Land","(832) 975-8840",""
"Hope Biosciences","(844) 824-8775",""
"LifeStance Health","281-313-0031 x225",""
"Texas Spine & Neurosurgery Center, P.A.","(281) 698-5351",""
"AndroGenX","(281) 240-3140",""
"Sterling Physical Therapy & Wellness - Bellaire","(832) 633-9424",""
"The Perazim Group, LLC","(281) 277-1071",""
"Deliverit Pharmacy","(281) 240-3140",""
"Sterling Diagnostic Testing Services, LLC","(832) 582-8542",""
"RushMed Pharmacy, PLLC","(281) 710-3380",""
"Balanced Body Functional Medicine","(281) 915-1636",""
"Rapid Care ER","(713) 456-6912",""
"Memorial Hermann Southwest Hospital","(832) 405-9984",""
"Opal Primary Care PLLC","(713) 485-4167",""
"Dee's Mobile Phlebotomy Service, LLC","(281) 207-9812",""
"Hollywood Feed","(346) 395-5593",""
"Vision Works - Missouri City","(832) 852-3292",""
"First Primary Care","(281) 565-2800",""
"Sugar Lakes Family Practice - Mata","(832) 766-8477",""
"Shetal Upadhyay","(346) 380-7919",""
"Modern Vascular Houston","(888) 977-0799",""