"Republic Services","(713) 726-7300","http://republicservices.com"
"Coverall","(281) 627-2765","http://neuralog.com"
"Neuralog, LP","(281) 240-2525","https://certapro.com/fort-bend-central/"
"CertaPro Painters of Central Fort Bend","(281) 965-3401","http://sienv.com/"
"Schooley Mitchell","(848) 667-1911","http://kitprofs.com"
"Enterprise Products","(281) 325-3200","http://megaequipments.com"
"Si Environmental, LLC","(832) 490-1500","http://fmstex.com"
"KIT Professionals, Inc.","(713) 783-8700","http://cvrenergy.com"
"Mega Equipment and Cranes Inc.","(713) 659-0599","http://n-linevalves.com"
"Federal Maintenance Services, Inc.","(281) 498-0588","http://tycoflowcontrol.com"
"CVR Energy","(281) 207-3200",""
"N-Line Valves","(281) 969-5220",""
"Emerson Automation Solutions","(281) 274-4400",""
"Bloomin Blinds of Richmond","(281) 462-5883",""
"Glass Doctor Home + Business of Greater South Houston","(346) 576-7626",""
"GFL Environmental","(281) 734-2273",""
"Municipal District Services, LLC","(281) 290-6500",""
"Cubework","(800) 338-6369",""
"CertaPro Painters of Missouri City","(866) 828-8648",""
"LoadUp Technologies","(346) 375-5908",""
"Ric's Professional Painting","(832) 282-7902",""
"E Contractors","(713) 493-2500",""
"Fluoroseal","(281) 741-7855",""
"Houston Kwik Dry Total Cleaning","(800) 742-8158",""
"United Water Restoration Group of Missouri City","(281) 761-2022",""
"Southwaste Disposal LLC","(713) 490-7940",""
"Restore Waste Alliance","(512) 294-5487",""
"iFoam Greater Southwest Houston","(713) 589-7694",""
"Fantin Home Services","(423) 863-4631",""
"Velociti Services","(832) 457-2983",""
"Maharshi Metals","(832) 298-6800",""
"That 1 Painter Fort Bend County","(832) 947-4454",""
"That 1 Painter Sugar Land","(281) 214-2958",""