"Houston Marriott Sugar Land","(281) 275-8400","http://slmarriott.com"
"Home 2 Suites by Hilton - Stafford","(346) 309-2240","http://www.marriott.com/housg"
"Fairfield Inn and Suites Houston-Missouri City","(832) 899-8181","http://houstonsugarland.place.hyatt.com"
"Courtyard by Marriott Sugar Land/Fluor Central","(281) 494-0555","http://staybridge.com/sugarlandtx"
"Residence Inn by Marriott","(281) 277-0770","http://druryhotels.com"
"Courtyard by Marriott","(281) 491-7700","http://plantationqv.com"
"Hyatt Place Houston / Sugar Land","(281) 491-0300",""
"Hilton Garden Inn Houston/Sugar Land","(281) 491-7777",""
"Staybridge Suites","(281) 302-6535",""
"Drury Inn & Suites - Sugar Land","(281) 277-9700",""
"The Avenues of Fort Bend","(281) 261-1217",""
"Traditions Health","(979) 704-6547",""
"Holiday Inn Express & Suites","(713) 815-4792",""
"Grand Living at Riverstone","(281) 456-3414",""
"The Village at Sugar Land, LLC","(281) 729-8800",""
"Holiday Inn Express Stafford NW Sugar Land","(281) 243-1640",""
"Plantation at Quail Valley","(281) 208-4470",""
"Hampton Inn & Suites Sugar Land","(281) 201-2373",""
"K Hotel Management Partners","(210) 479-6646",""