"The Auberge at Sugar Land","(281) 277-1221","https://aubergesugarland.com"
"Atria Senior Living Sugar Land","(281) 494-4200","http://www.atriasugarland.com"
"The Avenues of Fort Bend","(281) 261-1217","http://luminessair.com"
"Luminess Direct, LLC","(713) 532-2408 x1224","http://forfam.org"
"Amerejuve MedSpa - Katy","(713) 496-0782","http://gateway2counseling.com"
"Grand Living at Riverstone","(281) 456-3414",""
"Arista At Riverstone","(281) 969-7971",""
"CMR Clinical Counseling and Consulting Service, PLLC","(832) 226-7029",""
"Cathy Hinchman, LMT","(713) 410-6455",""
"Clearhope Counseling and Wellness Center, PC","(281) 769-2238",""
"Nicole Ponce Counseling, LLC","(832) 723-3661",""
"Snip-its Haircuts for Kids","(281) 751-3356",""
"Forever Families, Inc.","(713) 665-6100",""
"Amplify Plus Therapy & Coaching PLLC","(346) 341-7971",""
"Gateway 2 Counseling","(409) 449-5486",""
"Golden Energy Leadership","(918) 913-1011",""
"Therapeutic Thai Massage of Sugar Land","(281) 310-1787",""
"Blo Blow Dry Bar - Sugar Land","(281) 980-2569",""
"The Village at Sugar Land, LLC","(281) 729-8800",""
"The Perazim Group, LLC","(832) 633-9424",""
"Hand & Stone Massage & Facial Spa - Aliana","(281) 345-0826",""
"Glo Sun Spa Sugar Land","(972) 921-1152",""