"BGE Inc.","(281) 558-8700","http://www.bgeinc.com/"
"JACOBS Engineering Group","(832) 351-6000","http://ljaengineering.com"
"LJA Engineering, Inc.","(713) 953-5200","https://thephoenixdg.com/"
"The Phoenix Design Group, Inc.","(281) 499-0600","http://pamelaprinting.com"
"Pamela Printing Company","(281) 240-1313","http://glennsmithcoaching.com"
"Stantec","(713) 548-5700x5730","http://dbrinc.com"
"MPACT Strategic Consulting, LLC","(346) 262-4366","http://costelloinc.com"
"Touchstone District Services","(832) 558-5714","http://SandBplumbing.com"
"Schooley Mitchell","(848) 667-1911","http://rgmiller.com"
"Glenn Smith Executive Coaching","(281) 635-5224","http://aguirre-fields.com"
"DBR Engineering Consultants, Inc.","(713) 914-0888","http://huitt-zollars.com"
"Costello, Inc.","(713) 783-7788","http://lan-inc.com"
"Ninefold Solutions","(832) 302-4863","http://pbfcm.com"
"Coverall","(281) 627-2765","http://avilesengineering.com"
"S & B Plumbing Inc.","(281) 242-6990","http://pgal.com"
"RG Miller Engineers, Inc.","(713) 461-9600","http://freese.com"
"Aguirre & Fields","(281) 340-8900","https://pagethink.com/"
"Huitt-Zollars, Inc.","(281) 496-0066","http://as-engineers.com"
"Lockwood, Andrews and Newnam, Inc.","(713) 266-6900","http://questintegrity.com"
"Perdue, Brandon, Fielder, Collins & Mott, LLP","(713) 862-1860","http://ricegardner.com"
"Aviles Engineering Corporation","(713) 895-7645","http://othon.com"
"PGAL","(713) 622-1444","http://kitprofs.com"
"Freese and Nichols, Inc.","(713) 600-6831","http://settegastkopf.com"
"Page","(713) 871-8484","http://dougsmyplumber.com"
"A&S Engineers, Inc.","(713) 942-2700","http://arkkengineers.com"
"KCI Technologies Inc","(713) 237-9800","http://ohanaphotos.com "
"Quest Integrity USA, LLC","(832) 500-1001","http://tejassurveying.com"
"Rice & Gardner Consultants, Inc.","(713) 482-2300","http://trsstaffing.com"
"OTHON Engineering","(713) 975-8555","http://autoarch.net/"
"KIT Professionals, Inc.","(713) 783-8700","https://www.whitleypenn.com/"
"PixArt Images, LLC","(832) 489-1724","http://cherbinksevents.com"
"Houston Sign Company","(713) 662-3123","http://davisgreenlawnfh.com"
"Golden Energy Leadership","(918) 913-1011","http://hrinalignment.com"
"Owais Developments","(832) 489-5136","http://teliospc.com"
"Fredrick G. Turner, Jr., CPA, LLC","(832) 329-2358","http://earthmanfunerals.com"
"D Wesley Consultancy LLC","(832) 702-6442","http://www.RocketManService.com"
"The Settegast-Kopf Co., Funeral Directors","(281) 565-5015","http://neel-schaffer.com"
"ASAP Bail Bonds","(281) 232-7277","http://www.bailesbatescpas.com"
"Westco Grounds Maintenance, LLC","(713) 466-1822","http://civilcorp.us"
"Milano's Event Venue","(832) 617-2655","http://queenscarpetcare.com"
"Workforce Solutions C/O DB Grant","(832) 353-3459","http://proshred.com/Houston"
"Career Catalyst Group","(832) 356-7842",""
"Doug Turner Plumbing Co., Inc.","(281) 980-9300",""
"Pluviam Analytics, LLC","(832) 724-5353",""
"Petrabytes Corp","(281) 962-0332",""
"Sterling Staffing Solutions","(281) 240-3536",""
"Simmons Johnson Consulting, LLC","(832) 620-6336",""
"Magellan International, L.P.","(713) 439-7490",""
"Continental Cleaners Inc.","(281) 565-5144",""
"JBJ Management - Houston","(214) 565-2020",""
"Arredondo Risk Advisors","(281) 566-2583",""
"Fantin Home Services","(423) 863-4631",""
"ARKK Engineers, LLC","(713) 400-2755",""
"Kozlovsky Group","(281) 989-1887",""
"Tejas Surveying","(281) 240-9099",""
"Pabulum Consulting, LLC","(713) 538-4719",""
"STOA International Architects, Inc.","(713) 995-8784",""
"America's SBDC Texas Gulf Coast Network","(713) 752-8425",""
"VLK Architects","(281) 671-2300",""
"TRS Staffing Solutions","(832) 783-6100",""
"Carter Brothers Consulting LLP","(281) 240-3536",""
"Clarkson & Associates, LLC","(832) 521-4583",""
"Sane Partners LLC","(832) 279-8601",""
"Benefit Concepts Plus","(832) 656-3146",""
"AUTOARCH Architects, LLC","(713) 952-3366",""
"Stellar Ledgers, LLC","(281) 829-8059",""
"MWA Architects, Inc.","(713) 782-8188",""
"Sunrise Maids","(346) 514-3282",""
"UBSS Consulting","(832) 247-3954",""
"Quinn Development Group, LLC","(832) 380-4394",""
"Wolf Management Services","(713) 478-3831",""
"Whitley Penn, LLP","(713) 621-1515",""
"Aheero Digital Agency","(203) 590-1867",""
"YESCO","(281) 265-6220",""
"Cher Binks, Event Rentals & Consulting","(281) 235-2992",""
"GPD Group","(713) 826-6623",""
"Attack Poverty","(832) 847-4379",""
"EHRA Engineering","(713) 784-4500",""
"Lindsey Wilkins Photographer","(512) 484-3291",""
"Consor Engineers, LLC","(281) 493-4140",""
"Event - Serendipity","(713) 330-6428",""
"Davis-Greenlawn Funeral Chapels & Cemetery","(281) 341-8800",""
"HR in Alignment, LLC","(281) 494-2985",""
"Velociti Services","(832) 457-2983",""
"Stevenson Productions","(901) 351-9231",""
"MV Engineering, Inc.","(281) 738-3897",""
"Action Landscaping Inc.","(281) 498-1973",""
"Telios Corporation","(281) 265-1636",""
"Earthman's Funeral Directors Southwest","(281) 240-3300",""
"Decca Consulting LLC","(832) 561-0634",""
"Jericho Foundation Repairs","(713) 772-7522",""
"RocketMan Service","(713) 540-1000",""
"Neel-Schaffer, Inc.","(713) 783-7117",""
"Raba Kistner Consultants, Inc.","(713) 996-8990",""
"BSA Architects, Inc","(713) 529-5071",""
"JACOBS Engineering Group","(832) 351-6000",""
"Coinlogic Tech","(281) 241-9762",""
"Snelling Staffing Services","(281) 347-5465",""
"C Rollock Photography, Inc.","(281) 743-2543",""
"Your Best Shot Photography","(713) 545-0384",""
"Bailes Bates & Associates, LLP","(281) 565-6400",""
"TLC Engineering","(713) 868-6900",""
"Natasha Jobbagy","(832) 657-6661",""
"Fastsigns","(281) 491-7446",""
"Obialo Consulting","(281) 549-2677",""
"Executive Service Corps of Houston (ESCH)","(713) 780-2208",""
"CivilCorp, LLC","(832) 252-8100",""
"Heidaker Land Service Inc.","(281) 346-8652",""
"Queen's Carpet Care","(281) 438-4668",""
"Colliers Engineering & Design","(877) 627-3772",""
"LEAP Coaching and Speaking & FIFS","(832) 266-0457",""
"The Titus Law Firm","(832) 371-6339",""
"The Perazim Group, LLC","(832) 633-9424",""
"Soaring + Company","(346) 200-4844",""
"Advancial Federal Credit Union","(281) 679-1133",""
"Lake Management Services, Inc.","(281) 240-6444",""
"Dignity Memorial","(832) 265-2001",""
"Sugar Land Home & Outdoor Living Show","(832) 334-8396",""
"Coco's Fotos","(713) 560-9886",""
"Umair AK CPA LLC (UAK CPA)","(713) 521-4623",""
"A.T. Staffing (Advanced Temporary Inc.)","(346) 423-3036",""
"iFloors TX","(281) 201-8348",""
"DWG CPA PLLC","(281) 261-4700",""
"Executive Building System","(405) 334-3599",""
"Glenn B. Freedman, Ph.D.","(281) 879-8838",""
"Print Source, Inc. (Tolander Enterprises, Inc.)","(713) 581-2481",""
"VIV Solutions","(281) 317-7565",""
"The Whole House","(281) 620-9200",""
"EYPM North","(713) 766-6752",""
"Steinmetz Plumbing, Inc.","(832) 947-5700",""
"Stone Creek Funeral Home","(832) 363-7972",""
"PROSHRED Security","(713) 965-0608",""
"TAF Solutions","(281) 341-0808",""